VacancyID,WaitlistName,ProviderName,DateVacancyReported,DateBedAvailable,IsPrivateRoom,RoomGenderLimitation
1,PRIORITY ACCESS COAST,Care Home 029,2025-02-19,2025-02-26,1,
2,PRIORITY ACCESS VANCOUVER,Care Home 009,2023-07-08,2023-07-15,0,
3,PRIORITY ACCESS NORTH SHORE,Care Home 030,2024-09-17,2024-09-24,0,
4,PRIORITY ACCESS RICHMOND,Care Home 015,2023-03-03,2023-03-04,0,
5,PRIORITY ACCESS RICHMOND,Care Home 024,2024-10-30,2024-10-31,0,
6,PRIORITY ACCESS NORTH SHORE,Care Home 001,2024-12-23,2024-12-30,0,
7,PRIORITY ACCESS NORTH SHORE,Care Home 008,2024-11-05,2024-11-07,0,
8,PRIORITY ACCESS RICHMOND,Care Home 022,2024-10-18,2024-10-19,0,
9,PRIORITY ACCESS NORTH SHORE,Care Home 006,2023-03-08,2023-03-15,1,
10,PRIORITY ACCESS COAST,Care Home 029,2022-04-15,2022-04-17,0,
11,PRIORITY ACCESS VANCOUVER,Care Home 007,2025-01-27,2025-01-28,0,
12,PRIORITY ACCESS VANCOUVER,Care Home 023,2023-12-10,2023-12-13,0,
13,PRIORITY ACCESS NORTH SHORE,Care Home 006,2022-06-29,2022-07-05,1,
14,PRIORITY ACCESS VANCOUVER,Care Home 018,2024-12-13,2024-12-14,0,
15,PRIORITY ACCESS RICHMOND,Care Home 012,2023-09-24,2023-09-29,0,Male
16,PRIORITY ACCESS COAST,Care Home 029,2024-12-10,2024-12-14,0,
17,PRIORITY ACCESS NORTH SHORE,Care Home 001,2024-09-12,2024-09-13,0,
18,PRIORITY ACCESS NORTH SHORE,Care Home 001,2025-01-24,2025-01-26,0,Female
19,PRIORITY ACCESS VANCOUVER,Care Home 018,2023-07-05,2023-07-09,1,
20,PRIORITY ACCESS COAST,Care Home 020,2022-07-26,2022-07-29,1,
21,PRIORITY ACCESS NORTH SHORE,Care Home 025,2023-03-22,2023-03-26,0,
22,PRIORITY ACCESS VANCOUVER,Care Home 023,2024-01-03,2024-01-06,0,
23,PRIORITY ACCESS VANCOUVER,Care Home 013,2022-07-31,2022-08-05,0,
24,PRIORITY ACCESS NORTH SHORE,Care Home 016,2022-12-20,2022-12-22,0,
25,PRIORITY ACCESS NORTH SHORE,Care Home 008,2025-01-16,2025-01-17,0,
26,PRIORITY ACCESS VANCOUVER,Care Home 011,2022-09-03,2022-09-05,1,
27,PRIORITY ACCESS NORTH SHORE,Care Home 025,2024-11-30,2024-12-07,0,
28,PRIORITY ACCESS VANCOUVER,Care Home 018,2022-09-11,2022-09-15,1,
29,PRIORITY ACCESS NORTH SHORE,Care Home 004,2022-10-25,2022-10-27,0,
30,PRIORITY ACCESS NORTH SHORE,Care Home 016,2024-03-25,2024-03-31,0,
31,PRIORITY ACCESS RICHMOND,Care Home 012,2024-05-23,2024-05-30,1,
32,PRIORITY ACCESS RICHMOND,Care Home 015,2022-10-11,2022-10-18,0,
33,PRIORITY ACCESS NORTH SHORE,Care Home 008,2025-01-05,2025-01-08,0,
34,PRIORITY ACCESS NORTH SHORE,Care Home 028,2023-10-10,2023-10-17,1,
35,PRIORITY ACCESS NORTH SHORE,Care Home 004,2023-06-05,2023-06-12,0,
36,PRIORITY ACCESS NORTH SHORE,Care Home 025,2024-11-17,2024-11-19,0,
37,PRIORITY ACCESS NORTH SHORE,Care Home 030,2024-01-29,2024-02-03,1,
38,PRIORITY ACCESS NORTH SHORE,Care Home 025,2023-10-23,2023-10-26,0,
39,PRIORITY ACCESS NORTH SHORE,Care Home 016,2024-07-14,2024-07-17,0,
40,PRIORITY ACCESS NORTH SHORE,Care Home 002,2022-08-27,2022-08-31,1,
41,PRIORITY ACCESS RICHMOND,Care Home 015,2023-03-27,2023-03-30,0,
42,PRIORITY ACCESS VANCOUVER,Care Home 014,2023-05-10,2023-05-12,0,
43,PRIORITY ACCESS COAST,Care Home 021,2024-03-15,2024-03-22,0,
44,PRIORITY ACCESS VANCOUVER,Care Home 014,2023-10-23,2023-10-30,0,
45,PRIORITY ACCESS RICHMOND,Care Home 026,2023-11-10,2023-11-14,0,
46,PRIORITY ACCESS NORTH SHORE,Care Home 006,2024-05-22,2024-05-23,0,
47,PRIORITY ACCESS VANCOUVER,Care Home 007,2024-12-04,2024-12-05,1,
48,PRIORITY ACCESS COAST,Care Home 019,2024-05-12,2024-05-17,1,Female
49,PRIORITY ACCESS RICHMOND,Care Home 003,2025-01-17,2025-01-24,0,
50,PRIORITY ACCESS VANCOUVER,Care Home 014,2024-07-12,2024-07-19,0,Female
51,PRIORITY ACCESS RICHMOND,Care Home 024,2024-05-08,2024-05-13,0,
52,PRIORITY ACCESS NORTH SHORE,Care Home 006,2022-09-30,2022-10-01,0,
53,PRIORITY ACCESS RICHMOND,Care Home 017,2024-03-24,2024-03-28,0,
54,PRIORITY ACCESS NORTH SHORE,Care Home 016,2023-09-07,2023-09-09,1,Female
55,PRIORITY ACCESS VANCOUVER,Care Home 018,2024-07-16,2024-07-17,0,
56,PRIORITY ACCESS RICHMOND,Care Home 022,2023-06-20,2023-06-27,0,
57,PRIORITY ACCESS RICHMOND,Care Home 024,2024-05-26,2024-06-02,0,
58,PRIORITY ACCESS RICHMOND,Care Home 024,2023-04-23,2023-04-27,1,
59,PRIORITY ACCESS NORTH SHORE,Care Home 010,2022-07-01,2022-07-08,0,
60,PRIORITY ACCESS NORTH SHORE,Care Home 004,2024-05-17,2024-05-19,0,Female
61,PRIORITY ACCESS RICHMOND,Care Home 017,2024-01-13,2024-01-17,0,
62,PRIORITY ACCESS NORTH SHORE,Care Home 001,2024-05-04,2024-05-10,0,
63,PRIORITY ACCESS COAST,Care Home 029,2024-10-22,2024-10-27,0,
64,PRIORITY ACCESS NORTH SHORE,Care Home 001,2024-03-31,2024-04-04,0,
65,PRIORITY ACCESS NORTH SHORE,Care Home 001,2023-07-04,2023-07-07,0,
66,PRIORITY ACCESS NORTH SHORE,Care Home 001,2023-02-16,2023-02-20,1,
67,PRIORITY ACCESS NORTH SHORE,Care Home 028,2023-05-22,2023-05-29,0,
68,PRIORITY ACCESS RICHMOND,Care Home 024,2024-09-08,2024-09-09,0,Male
69,PRIORITY ACCESS NORTH SHORE,Care Home 004,2022-08-24,2022-08-29,0,
70,PRIORITY ACCESS RICHMOND,Care Home 026,2022-05-01,2022-05-03,0,
71,PRIORITY ACCESS NORTH SHORE,Care Home 008,2024-08-08,2024-08-10,0,Female
72,PRIORITY ACCESS NORTH SHORE,Care Home 028,2022-05-09,2022-05-10,0,
73,PRIORITY ACCESS NORTH SHORE,Care Home 001,2025-02-07,2025-02-13,0,
74,PRIORITY ACCESS NORTH SHORE,Care Home 008,2022-05-31,2022-06-05,0,Female
75,PRIORITY ACCESS NORTH SHORE,Care Home 025,2024-09-18,2024-09-23,1,
76,PRIORITY ACCESS VANCOUVER,Care Home 014,2022-11-01,2022-11-02,0,
77,PRIORITY ACCESS NORTH SHORE,Care Home 004,2023-11-05,2023-11-10,1,
78,PRIORITY ACCESS NORTH SHORE,Care Home 025,2024-05-22,2024-05-23,0,
79,PRIORITY ACCESS NORTH SHORE,Care Home 006,2023-10-09,2023-10-16,1,
80,PRIORITY ACCESS RICHMOND,Care Home 003,2024-01-17,2024-01-18,0,
81,PRIORITY ACCESS NORTH SHORE,Care Home 002,2023-06-13,2023-06-15,1,
82,PRIORITY ACCESS RICHMOND,Care Home 012,2025-02-07,2025-02-12,0,
83,PRIORITY ACCESS VANCOUVER,Care Home 014,2024-10-16,2024-10-21,0,
84,PRIORITY ACCESS RICHMOND,Care Home 017,2023-02-15,2023-02-18,0,
85,PRIORITY ACCESS VANCOUVER,Care Home 018,2023-07-16,2023-07-23,0,
86,PRIORITY ACCESS COAST,Care Home 021,2023-06-05,2023-06-12,1,
87,PRIORITY ACCESS RICHMOND,Care Home 015,2025-01-04,2025-01-06,0,
88,PRIORITY ACCESS RICHMOND,Care Home 024,2024-01-11,2024-01-14,0,
89,PRIORITY ACCESS COAST,Care Home 020,2024-09-11,2024-09-13,0,
90,PRIORITY ACCESS NORTH SHORE,Care Home 028,2022-05-09,2022-05-12,1,
91,PRIORITY ACCESS VANCOUVER,Care Home 013,2022-07-11,2022-07-16,0,
92,PRIORITY ACCESS RICHMOND,Care Home 017,2024-02-20,2024-02-25,0,
93,PRIORITY ACCESS COAST,Care Home 020,2023-03-31,2023-04-04,0,
94,PRIORITY ACCESS NORTH SHORE,Care Home 016,2023-04-20,2023-04-27,0,
95,PRIORITY ACCESS NORTH SHORE,Care Home 016,2022-08-15,2022-08-22,0,
96,PRIORITY ACCESS VANCOUVER,Care Home 009,2024-07-30,2024-08-01,0,
97,PRIORITY ACCESS NORTH SHORE,Care Home 010,2022-05-15,2022-05-16,0,
98,PRIORITY ACCESS NORTH SHORE,Care Home 025,2022-05-30,2022-05-31,1,
99,PRIORITY ACCESS VANCOUVER,Care Home 009,2024-05-18,2024-05-21,1,
100,PRIORITY ACCESS VANCOUVER,Care Home 014,2024-08-28,2024-09-02,1,
101,PRIORITY ACCESS RICHMOND,Care Home 026,2022-12-11,2022-12-16,0,
102,PRIORITY ACCESS NORTH SHORE,Care Home 016,2025-01-15,2025-01-16,0,
103,PRIORITY ACCESS NORTH SHORE,Care Home 030,2024-06-29,2024-07-04,0,
104,PRIORITY ACCESS NORTH SHORE,Care Home 028,2024-02-12,2024-02-15,0,
105,PRIORITY ACCESS NORTH SHORE,Care Home 001,2023-08-11,2023-08-13,0,
106,PRIORITY ACCESS NORTH SHORE,Care Home 028,2025-02-17,2025-02-24,0,
107,PRIORITY ACCESS RICHMOND,Care Home 017,2024-02-23,2024-02-24,0,
108,PRIORITY ACCESS NORTH SHORE,Care Home 010,2022-06-25,2022-07-01,0,
109,PRIORITY ACCESS VANCOUVER,Care Home 023,2024-12-04,2024-12-06,0,
110,PRIORITY ACCESS COAST,Care Home 029,2022-05-18,2022-05-23,0,
111,PRIORITY ACCESS VANCOUVER,Care Home 007,2025-02-24,2025-03-01,1,
112,PRIORITY ACCESS VANCOUVER,Care Home 009,2022-12-16,2022-12-22,0,
113,PRIORITY ACCESS RICHMOND,Care Home 026,2023-06-08,2023-06-13,1,
114,PRIORITY ACCESS RICHMOND,Care Home 022,2023-04-26,2023-05-02,0,
115,PRIORITY ACCESS RICHMOND,Care Home 017,2023-03-19,2023-03-23,0,
116,PRIORITY ACCESS RICHMOND,Care Home 012,2023-09-20,2023-09-24,0,
117,PRIORITY ACCESS NORTH SHORE,Care Home 028,2023-05-15,2023-05-18,0,
118,PRIORITY ACCESS NORTH SHORE,Care Home 016,2022-07-21,2022-07-22,0,Female
119,PRIORITY ACCESS RICHMOND,Care Home 012,2023-05-22,2023-05-24,1,
120,PRIORITY ACCESS NORTH SHORE,Care Home 008,2022-04-27,2022-05-02,0,
121,PRIORITY ACCESS NORTH SHORE,Care Home 028,2022-08-30,2022-09-04,0,
122,PRIORITY ACCESS NORTH SHORE,Care Home 006,2024-04-18,2024-04-22,0,Male
123,PRIORITY ACCESS COAST,Care Home 020,2024-10-23,2024-10-27,0,
124,PRIORITY ACCESS NORTH SHORE,Care Home 016,2024-05-07,2024-05-09,0,
125,PRIORITY ACCESS COAST,Care Home 029,2022-06-18,2022-06-19,0,
126,PRIORITY ACCESS COAST,Care Home 020,2023-11-11,2023-11-18,0,Male
127,PRIORITY ACCESS COAST,Care Home 020,2022-09-12,2022-09-15,0,
128,PRIORITY ACCESS COAST,Care Home 020,2023-04-05,2023-04-06,0,
129,PRIORITY ACCESS NORTH SHORE,Care Home 004,2025-01-20,2025-01-24,0,Male
130,PRIORITY ACCESS NORTH SHORE,Care Home 010,2025-02-05,2025-02-07,1,
131,PRIORITY ACCESS VANCOUVER,Care Home 013,2022-11-23,2022-11-27,0,
132,PRIORITY ACCESS VANCOUVER,Care Home 014,2024-08-24,2024-08-26,1,
133,PRIORITY ACCESS NORTH SHORE,Care Home 002,2023-04-28,2023-04-29,0,
134,PRIORITY ACCESS COAST,Care Home 020,2024-07-03,2024-07-04,0,
135,PRIORITY ACCESS RICHMOND,Care Home 026,2023-05-12,2023-05-13,0,
136,PRIORITY ACCESS NORTH SHORE,Care Home 008,2024-09-30,2024-10-04,0,
137,PRIORITY ACCESS NORTH SHORE,Care Home 001,2023-10-18,2023-10-19,0,
138,PRIORITY ACCESS COAST,Care Home 019,2024-03-16,2024-03-18,0,
139,PRIORITY ACCESS NORTH SHORE,Care Home 008,2024-07-09,2024-07-15,0,
140,PRIORITY ACCESS VANCOUVER,Care Home 014,2023-05-28,2023-05-29,1,
141,PRIORITY ACCESS VANCOUVER,Care Home 009,2024-03-24,2024-03-25,0,
142,PRIORITY ACCESS VANCOUVER,Care Home 013,2024-08-07,2024-08-11,0,
143,PRIORITY ACCESS NORTH SHORE,Care Home 030,2023-10-21,2023-10-22,0,
144,PRIORITY ACCESS RICHMOND,Care Home 026,2024-04-16,2024-04-22,0,
145,PRIORITY ACCESS VANCOUVER,Care Home 018,2022-11-20,2022-11-24,0,
146,PRIORITY ACCESS RICHMOND,Care Home 003,2022-06-11,2022-06-14,0,
147,PRIORITY ACCESS VANCOUVER,Care Home 007,2025-01-20,2025-01-25,0,
148,PRIORITY ACCESS VANCOUVER,Care Home 027,2025-01-16,2025-01-23,0,
149,PRIORITY ACCESS VANCOUVER,Care Home 023,2023-04-05,2023-04-12,0,
150,PRIORITY ACCESS VANCOUVER,Care Home 027,2024-11-24,2024-11-27,0,
151,PRIORITY ACCESS NORTH SHORE,Care Home 016,2024-01-21,2024-01-26,1,
152,PRIORITY ACCESS VANCOUVER,Care Home 009,2023-03-10,2023-03-12,0,
153,PRIORITY ACCESS NORTH SHORE,Care Home 005,2022-06-04,2022-06-08,0,
154,PRIORITY ACCESS COAST,Care Home 020,2023-07-11,2023-07-18,0,Male
155,PRIORITY ACCESS RICHMOND,Care Home 015,2022-12-29,2023-01-04,0,Female
156,PRIORITY ACCESS RICHMOND,Care Home 015,2022-10-15,2022-10-17,0,
157,PRIORITY ACCESS RICHMOND,Care Home 017,2023-03-06,2023-03-13,0,
158,PRIORITY ACCESS NORTH SHORE,Care Home 005,2022-05-09,2022-05-16,1,
159,PRIORITY ACCESS COAST,Care Home 029,2022-05-25,2022-05-27,0,
160,PRIORITY ACCESS NORTH SHORE,Care Home 008,2023-10-02,2023-10-08,1,
161,PRIORITY ACCESS NORTH SHORE,Care Home 010,2024-02-06,2024-02-09,0,
162,PRIORITY ACCESS VANCOUVER,Care Home 014,2022-11-07,2022-11-14,0,
163,PRIORITY ACCESS NORTH SHORE,Care Home 010,2022-09-09,2022-09-10,0,
164,PRIORITY ACCESS NORTH SHORE,Care Home 005,2022-04-02,2022-04-03,0,
165,PRIORITY ACCESS NORTH SHORE,Care Home 016,2023-06-11,2023-06-15,0,
166,PRIORITY ACCESS NORTH SHORE,Care Home 016,2023-01-03,2023-01-05,0,
167,PRIORITY ACCESS NORTH SHORE,Care Home 010,2024-10-06,2024-10-11,0,
168,PRIORITY ACCESS NORTH SHORE,Care Home 008,2024-12-16,2024-12-20,0,
169,PRIORITY ACCESS NORTH SHORE,Care Home 002,2022-10-21,2022-10-23,1,
170,PRIORITY ACCESS NORTH SHORE,Care Home 001,2024-12-04,2024-12-05,1,
171,PRIORITY ACCESS NORTH SHORE,Care Home 001,2022-09-11,2022-09-12,1,
172,PRIORITY ACCESS RICHMOND,Care Home 003,2023-11-28,2023-11-30,1,
173,PRIORITY ACCESS VANCOUVER,Care Home 018,2023-01-24,2023-01-30,1,
174,PRIORITY ACCESS VANCOUVER,Care Home 027,2024-07-02,2024-07-09,0,
175,PRIORITY ACCESS RICHMOND,Care Home 026,2023-11-15,2023-11-19,0,
176,PRIORITY ACCESS RICHMOND,Care Home 003,2023-04-21,2023-04-27,0,
177,PRIORITY ACCESS NORTH SHORE,Care Home 025,2022-07-30,2022-08-04,0,
178,PRIORITY ACCESS COAST,Care Home 020,2023-03-05,2023-03-11,0,
179,PRIORITY ACCESS RICHMOND,Care Home 003,2023-05-14,2023-05-15,0,
180,PRIORITY ACCESS RICHMOND,Care Home 026,2024-04-24,2024-04-27,0,
181,PRIORITY ACCESS VANCOUVER,Care Home 023,2022-09-05,2022-09-10,1,
182,PRIORITY ACCESS COAST,Care Home 021,2024-04-08,2024-04-09,0,
183,PRIORITY ACCESS NORTH SHORE,Care Home 006,2023-01-08,2023-01-09,0,
184,PRIORITY ACCESS VANCOUVER,Care Home 018,2023-12-14,2023-12-17,0,
185,PRIORITY ACCESS NORTH SHORE,Care Home 004,2023-06-17,2023-06-21,0,
186,PRIORITY ACCESS RICHMOND,Care Home 022,2022-05-24,2022-05-28,0,
187,PRIORITY ACCESS VANCOUVER,Care Home 018,2025-02-04,2025-02-10,0,
188,PRIORITY ACCESS NORTH SHORE,Care Home 005,2022-12-03,2022-12-09,0,
189,PRIORITY ACCESS VANCOUVER,Care Home 027,2022-10-15,2022-10-19,0,
190,PRIORITY ACCESS NORTH SHORE,Care Home 016,2024-05-12,2024-05-18,0,
191,PRIORITY ACCESS VANCOUVER,Care Home 018,2022-09-07,2022-09-10,1,
192,PRIORITY ACCESS NORTH SHORE,Care Home 002,2024-07-26,2024-07-29,1,
193,PRIORITY ACCESS NORTH SHORE,Care Home 016,2024-07-01,2024-07-08,0,
194,PRIORITY ACCESS RICHMOND,Care Home 015,2022-09-07,2022-09-10,1,
195,PRIORITY ACCESS COAST,Care Home 029,2024-12-05,2024-12-12,1,Female
196,PRIORITY ACCESS VANCOUVER,Care Home 011,2023-08-14,2023-08-21,0,
197,PRIORITY ACCESS VANCOUVER,Care Home 023,2023-06-14,2023-06-18,0,
198,PRIORITY ACCESS RICHMOND,Care Home 017,2024-07-12,2024-07-19,0,
199,PRIORITY ACCESS VANCOUVER,Care Home 018,2024-04-14,2024-04-21,1,
200,PRIORITY ACCESS NORTH SHORE,Care Home 001,2022-11-04,2022-11-08,0,
201,PRIORITY ACCESS VANCOUVER,Care Home 023,2025-02-16,2025-02-19,0,
202,PRIORITY ACCESS COAST,Care Home 019,2023-05-26,2023-05-31,0,
203,PRIORITY ACCESS NORTH SHORE,Care Home 010,2023-05-15,2023-05-18,0,
204,PRIORITY ACCESS NORTH SHORE,Care Home 016,2023-08-12,2023-08-13,0,
205,PRIORITY ACCESS NORTH SHORE,Care Home 006,2024-06-27,2024-06-28,0,
206,PRIORITY ACCESS NORTH SHORE,Care Home 002,2023-03-28,2023-03-29,1,
207,PRIORITY ACCESS COAST,Care Home 029,2023-08-17,2023-08-23,0,
208,PRIORITY ACCESS RICHMOND,Care Home 015,2022-11-02,2022-11-09,0,
209,PRIORITY ACCESS NORTH SHORE,Care Home 006,2023-07-29,2023-07-31,0,
210,PRIORITY ACCESS RICHMOND,Care Home 003,2025-01-16,2025-01-18,1,
211,PRIORITY ACCESS COAST,Care Home 020,2022-12-06,2022-12-08,0,
212,PRIORITY ACCESS NORTH SHORE,Care Home 010,2024-10-20,2024-10-26,0,Male
213,PRIORITY ACCESS NORTH SHORE,Care Home 028,2023-04-13,2023-04-20,1,
214,PRIORITY ACCESS COAST,Care Home 029,2023-02-19,2023-02-21,0,
215,PRIORITY ACCESS RICHMOND,Care Home 017,2024-05-31,2024-06-05,1,
216,PRIORITY ACCESS RICHMOND,Care Home 003,2022-12-26,2022-12-30,0,
217,PRIORITY ACCESS NORTH SHORE,Care Home 005,2023-10-11,2023-10-17,0,
218,PRIORITY ACCESS RICHMOND,Care Home 026,2023-06-06,2023-06-07,1,
219,PRIORITY ACCESS VANCOUVER,Care Home 023,2024-01-03,2024-01-10,0,
220,PRIORITY ACCESS RICHMOND,Care Home 022,2022-07-16,2022-07-19,1,
221,PRIORITY ACCESS NORTH SHORE,Care Home 008,2024-02-22,2024-02-25,1,
222,PRIORITY ACCESS VANCOUVER,Care Home 027,2024-04-26,2024-04-27,0,
223,PRIORITY ACCESS RICHMOND,Care Home 026,2023-10-22,2023-10-26,1,
224,PRIORITY ACCESS VANCOUVER,Care Home 009,2022-09-19,2022-09-20,0,
225,PRIORITY ACCESS COAST,Care Home 029,2023-03-16,2023-03-20,0,
226,PRIORITY ACCESS RICHMOND,Care Home 012,2023-10-24,2023-10-30,1,
227,PRIORITY ACCESS VANCOUVER,Care Home 014,2022-10-12,2022-10-19,0,
228,PRIORITY ACCESS NORTH SHORE,Care Home 005,2022-09-22,2022-09-25,0,
229,PRIORITY ACCESS RICHMOND,Care Home 017,2024-10-18,2024-10-19,0,
230,PRIORITY ACCESS NORTH SHORE,Care Home 001,2023-03-09,2023-03-16,0,
231,PRIORITY ACCESS COAST,Care Home 019,2023-10-15,2023-10-19,0,
232,PRIORITY ACCESS NORTH SHORE,Care Home 005,2024-08-19,2024-08-25,1,
233,PRIORITY ACCESS VANCOUVER,Care Home 023,2024-08-30,2024-09-06,1,
234,PRIORITY ACCESS NORTH SHORE,Care Home 028,2023-03-31,2023-04-01,0,
235,PRIORITY ACCESS RICHMOND,Care Home 024,2024-02-08,2024-02-14,0,
236,PRIORITY ACCESS NORTH SHORE,Care Home 016,2023-07-11,2023-07-14,0,
237,PRIORITY ACCESS COAST,Care Home 020,2023-01-24,2023-01-26,0,
238,PRIORITY ACCESS RICHMOND,Care Home 024,2022-08-16,2022-08-20,0,
239,PRIORITY ACCESS NORTH SHORE,Care Home 005,2022-09-11,2022-09-18,0,
240,PRIORITY ACCESS RICHMOND,Care Home 022,2023-08-05,2023-08-08,0,
241,PRIORITY ACCESS COAST,Care Home 020,2024-01-14,2024-01-21,1,
242,PRIORITY ACCESS RICHMOND,Care Home 003,2024-03-23,2024-03-30,0,
243,PRIORITY ACCESS RICHMOND,Care Home 026,2023-02-03,2023-02-10,0,
244,PRIORITY ACCESS VANCOUVER,Care Home 014,2023-10-18,2023-10-24,0,
245,PRIORITY ACCESS COAST,Care Home 020,2024-04-30,2024-05-03,0,
246,PRIORITY ACCESS VANCOUVER,Care Home 027,2023-11-20,2023-11-22,0,
247,PRIORITY ACCESS RICHMOND,Care Home 022,2023-03-18,2023-03-21,0,
248,PRIORITY ACCESS COAST,Care Home 021,2023-06-09,2023-06-13,1,
249,PRIORITY ACCESS VANCOUVER,Care Home 014,2023-03-12,2023-03-17,0,
250,PRIORITY ACCESS NORTH SHORE,Care Home 010,2022-04-22,2022-04-29,0,
251,PRIORITY ACCESS NORTH SHORE,Care Home 010,2024-12-26,2025-01-02,0,
252,PRIORITY ACCESS NORTH SHORE,Care Home 006,2022-08-16,2022-08-23,0,
253,PRIORITY ACCESS VANCOUVER,Care Home 009,2023-01-25,2023-01-30,1,Female
254,PRIORITY ACCESS COAST,Care Home 029,2023-10-30,2023-11-03,0,Male
255,PRIORITY ACCESS RICHMOND,Care Home 022,2024-06-02,2024-06-04,0,
256,PRIORITY ACCESS RICHMOND,Care Home 022,2025-02-03,2025-02-07,1,
257,PRIORITY ACCESS RICHMOND,Care Home 012,2023-10-27,2023-10-30,0,
258,PRIORITY ACCESS VANCOUVER,Care Home 011,2023-07-17,2023-07-19,0,
259,PRIORITY ACCESS COAST,Care Home 029,2024-09-29,2024-10-03,0,
260,PRIORITY ACCESS NORTH SHORE,Care Home 025,2023-03-22,2023-03-28,0,Female
261,PRIORITY ACCESS NORTH SHORE,Care Home 008,2023-03-03,2023-03-09,0,Male
262,PRIORITY ACCESS NORTH SHORE,Care Home 030,2024-06-23,2024-06-25,0,
263,PRIORITY ACCESS VANCOUVER,Care Home 023,2024-04-15,2024-04-17,0,
264,PRIORITY ACCESS NORTH SHORE,Care Home 010,2022-12-31,2023-01-04,1,
265,PRIORITY ACCESS VANCOUVER,Care Home 018,2024-03-01,2024-03-07,1,
266,PRIORITY ACCESS VANCOUVER,Care Home 011,2022-04-08,2022-04-09,0,
267,PRIORITY ACCESS VANCOUVER,Care Home 011,2022-12-06,2022-12-07,1,
268,PRIORITY ACCESS NORTH SHORE,Care Home 004,2023-05-21,2023-05-25,1,
269,PRIORITY ACCESS NORTH SHORE,Care Home 030,2022-04-29,2022-05-02,0,
270,PRIORITY ACCESS VANCOUVER,Care Home 009,2025-02-08,2025-02-13,0,
271,PRIORITY ACCESS RICHMOND,Care Home 003,2022-12-22,2022-12-24,0,
272,PRIORITY ACCESS VANCOUVER,Care Home 014,2022-07-29,2022-08-03,0,
273,PRIORITY ACCESS NORTH SHORE,Care Home 025,2023-09-22,2023-09-26,0,
274,PRIORITY ACCESS RICHMOND,Care Home 024,2024-02-25,2024-02-26,0,Male
275,PRIORITY ACCESS NORTH SHORE,Care Home 030,2022-07-22,2022-07-23,0,
276,PRIORITY ACCESS NORTH SHORE,Care Home 010,2023-03-06,2023-03-09,1,
277,PRIORITY ACCESS VANCOUVER,Care Home 014,2023-04-28,2023-05-03,0,
278,PRIORITY ACCESS COAST,Care Home 021,2024-09-03,2024-09-10,0,
279,PRIORITY ACCESS NORTH SHORE,Care Home 025,2022-12-07,2022-12-13,0,
280,PRIORITY ACCESS VANCOUVER,Care Home 007,2024-11-07,2024-11-09,1,
281,PRIORITY ACCESS NORTH SHORE,Care Home 005,2023-03-14,2023-03-16,1,
282,PRIORITY ACCESS NORTH SHORE,Care Home 016,2022-05-27,2022-05-29,0,
283,PRIORITY ACCESS NORTH SHORE,Care Home 001,2022-07-15,2022-07-16,0,
284,PRIORITY ACCESS VANCOUVER,Care Home 011,2022-09-26,2022-09-27,0,
285,PRIORITY ACCESS NORTH SHORE,Care Home 005,2023-11-11,2023-11-15,1,
286,PRIORITY ACCESS VANCOUVER,Care Home 013,2023-05-26,2023-05-30,0,
287,PRIORITY ACCESS VANCOUVER,Care Home 023,2022-11-01,2022-11-05,0,
288,PRIORITY ACCESS NORTH SHORE,Care Home 010,2023-04-27,2023-04-30,0,
289,PRIORITY ACCESS VANCOUVER,Care Home 007,2025-01-19,2025-01-20,1,
290,PRIORITY ACCESS NORTH SHORE,Care Home 005,2022-10-04,2022-10-05,0,
291,PRIORITY ACCESS NORTH SHORE,Care Home 025,2024-09-26,2024-09-27,0,
292,PRIORITY ACCESS NORTH SHORE,Care Home 028,2023-05-24,2023-05-26,0,Male
293,PRIORITY ACCESS VANCOUVER,Care Home 027,2023-07-29,2023-07-31,0,
294,PRIORITY ACCESS COAST,Care Home 029,2023-02-02,2023-02-04,0,
295,PRIORITY ACCESS VANCOUVER,Care Home 023,2023-05-14,2023-05-20,1,
296,PRIORITY ACCESS NORTH SHORE,Care Home 016,2022-05-23,2022-05-30,0,
297,PRIORITY ACCESS COAST,Care Home 019,2023-02-02,2023-02-05,0,
298,PRIORITY ACCESS VANCOUVER,Care Home 011,2023-11-19,2023-11-21,0,
299,PRIORITY ACCESS RICHMOND,Care Home 012,2022-09-21,2022-09-24,0,
300,PRIORITY ACCESS RICHMOND,Care Home 026,2022-06-10,2022-06-13,0,
301,PRIORITY ACCESS NORTH SHORE,Care Home 001,2024-07-02,2024-07-07,0,
302,PRIORITY ACCESS RICHMOND,Care Home 003,2023-08-14,2023-08-20,1,Female
303,PRIORITY ACCESS RICHMOND,Care Home 015,2023-03-29,2023-03-31,1,
304,PRIORITY ACCESS NORTH SHORE,Care Home 010,2024-03-24,2024-03-25,1,
305,PRIORITY ACCESS VANCOUVER,Care Home 007,2022-07-21,2022-07-24,1,
306,PRIORITY ACCESS COAST,Care Home 020,2024-10-03,2024-10-05,1,
307,PRIORITY ACCESS NORTH SHORE,Care Home 010,2023-10-12,2023-10-15,0,
308,PRIORITY ACCESS VANCOUVER,Care Home 013,2022-11-05,2022-11-11,1,Female
309,PRIORITY ACCESS VANCOUVER,Care Home 027,2024-06-11,2024-06-12,0,
310,PRIORITY ACCESS VANCOUVER,Care Home 013,2022-08-08,2022-08-10,0,
311,PRIORITY ACCESS RICHMOND,Care Home 026,2024-04-06,2024-04-10,1,Male
312,PRIORITY ACCESS VANCOUVER,Care Home 007,2023-06-02,2023-06-03,0,Female
313,PRIORITY ACCESS NORTH SHORE,Care Home 010,2024-12-01,2024-12-07,0,
314,PRIORITY ACCESS NORTH SHORE,Care Home 010,2023-09-14,2023-09-18,0,Male
315,PRIORITY ACCESS RICHMOND,Care Home 015,2024-08-05,2024-08-08,1,
316,PRIORITY ACCESS COAST,Care Home 020,2023-03-08,2023-03-10,0,
317,PRIORITY ACCESS NORTH SHORE,Care Home 006,2022-05-04,2022-05-09,0,
318,PRIORITY ACCESS VANCOUVER,Care Home 014,2023-07-04,2023-07-10,0,Female
319,PRIORITY ACCESS COAST,Care Home 019,2024-05-17,2024-05-20,0,
320,PRIORITY ACCESS NORTH SHORE,Care Home 030,2023-11-26,2023-11-29,0,
321,PRIORITY ACCESS VANCOUVER,Care Home 014,2023-04-29,2023-05-02,0,
322,PRIORITY ACCESS NORTH SHORE,Care Home 016,2022-07-10,2022-07-13,0,
323,PRIORITY ACCESS NORTH SHORE,Care Home 005,2024-10-06,2024-10-08,0,
324,PRIORITY ACCESS NORTH SHORE,Care Home 016,2022-12-31,2023-01-04,0,Female
325,PRIORITY ACCESS NORTH SHORE,Care Home 025,2022-07-21,2022-07-26,0,
326,PRIORITY ACCESS RICHMOND,Care Home 026,2023-05-23,2023-05-24,1,
327,PRIORITY ACCESS NORTH SHORE,Care Home 028,2024-01-17,2024-01-18,0,
328,PRIORITY ACCESS RICHMOND,Care Home 003,2022-04-29,2022-05-02,0,
329,PRIORITY ACCESS VANCOUVER,Care Home 023,2022-11-03,2022-11-07,0,
330,PRIORITY ACCESS COAST,Care Home 029,2023-03-19,2023-03-26,0,
331,PRIORITY ACCESS VANCOUVER,Care Home 027,2022-06-02,2022-06-04,0,
332,PRIORITY ACCESS NORTH SHORE,Care Home 005,2023-09-11,2023-09-13,0,Male
333,PRIORITY ACCESS RICHMOND,Care Home 017,2024-07-22,2024-07-28,0,
334,PRIORITY ACCESS COAST,Care Home 029,2024-10-22,2024-10-27,0,
335,PRIORITY ACCESS RICHMOND,Care Home 012,2023-09-21,2023-09-25,0,
336,PRIORITY ACCESS RICHMOND,Care Home 022,2024-01-07,2024-01-14,0,
337,PRIORITY ACCESS VANCOUVER,Care Home 013,2022-08-16,2022-08-17,0,
338,PRIORITY ACCESS RICHMOND,Care Home 003,2023-01-28,2023-02-02,1,
339,PRIORITY ACCESS NORTH SHORE,Care Home 010,2024-12-27,2024-12-31,0,
340,PRIORITY ACCESS VANCOUVER,Care Home 018,2022-09-22,2022-09-27,0,
341,PRIORITY ACCESS COAST,Care Home 021,2022-08-24,2022-08-25,0,
342,PRIORITY ACCESS NORTH SHORE,Care Home 028,2022-11-15,2022-11-19,0,
343,PRIORITY ACCESS NORTH SHORE,Care Home 005,2022-10-15,2022-10-16,0,Female
344,PRIORITY ACCESS VANCOUVER,Care Home 007,2024-08-09,2024-08-12,0,
345,PRIORITY ACCESS NORTH SHORE,Care Home 030,2025-02-19,2025-02-26,0,
346,PRIORITY ACCESS NORTH SHORE,Care Home 005,2023-07-04,2023-07-07,0,
347,PRIORITY ACCESS NORTH SHORE,Care Home 002,2023-08-23,2023-08-30,0,
348,PRIORITY ACCESS RICHMOND,Care Home 017,2023-02-16,2023-02-20,0,
349,PRIORITY ACCESS NORTH SHORE,Care Home 028,2024-06-20,2024-06-26,1,
350,PRIORITY ACCESS NORTH SHORE,Care Home 001,2024-09-05,2024-09-12,0,
351,PRIORITY ACCESS NORTH SHORE,Care Home 005,2024-10-14,2024-10-18,0,
352,PRIORITY ACCESS NORTH SHORE,Care Home 030,2022-06-07,2022-06-09,1,
353,PRIORITY ACCESS NORTH SHORE,Care Home 030,2023-09-29,2023-10-02,1,Male
354,PRIORITY ACCESS COAST,Care Home 021,2024-10-10,2024-10-11,0,
355,PRIORITY ACCESS RICHMOND,Care Home 022,2024-01-20,2024-01-26,1,Female
356,PRIORITY ACCESS NORTH SHORE,Care Home 028,2024-07-26,2024-07-29,0,
357,PRIORITY ACCESS RICHMOND,Care Home 017,2022-11-16,2022-11-23,0,
358,PRIORITY ACCESS VANCOUVER,Care Home 014,2023-07-31,2023-08-07,0,
359,PRIORITY ACCESS RICHMOND,Care Home 012,2022-07-31,2022-08-01,0,
360,PRIORITY ACCESS RICHMOND,Care Home 022,2023-07-20,2023-07-22,1,
361,PRIORITY ACCESS NORTH SHORE,Care Home 028,2023-03-02,2023-03-04,0,
362,PRIORITY ACCESS NORTH SHORE,Care Home 025,2022-11-19,2022-11-22,0,Female
363,PRIORITY ACCESS NORTH SHORE,Care Home 016,2022-05-14,2022-05-16,1,
364,PRIORITY ACCESS NORTH SHORE,Care Home 028,2022-06-07,2022-06-09,0,
365,PRIORITY ACCESS NORTH SHORE,Care Home 006,2023-01-03,2023-01-07,1,
366,PRIORITY ACCESS NORTH SHORE,Care Home 016,2024-07-31,2024-08-07,0,
367,PRIORITY ACCESS COAST,Care Home 019,2022-08-14,2022-08-17,1,
368,PRIORITY ACCESS VANCOUVER,Care Home 013,2023-07-11,2023-07-16,0,
369,PRIORITY ACCESS COAST,Care Home 029,2022-08-10,2022-08-14,0,
370,PRIORITY ACCESS NORTH SHORE,Care Home 006,2024-02-25,2024-02-27,1,
371,PRIORITY ACCESS COAST,Care Home 021,2024-06-26,2024-07-02,0,
372,PRIORITY ACCESS VANCOUVER,Care Home 023,2022-10-18,2022-10-24,0,
373,PRIORITY ACCESS NORTH SHORE,Care Home 004,2022-05-04,2022-05-08,0,
374,PRIORITY ACCESS RICHMOND,Care Home 003,2023-08-31,2023-09-04,1,
375,PRIORITY ACCESS RICHMOND,Care Home 015,2024-05-21,2024-05-26,0,
376,PRIORITY ACCESS COAST,Care Home 019,2022-05-25,2022-05-30,0,
377,PRIORITY ACCESS NORTH SHORE,Care Home 030,2023-01-27,2023-01-31,0,
378,PRIORITY ACCESS RICHMOND,Care Home 022,2024-02-20,2024-02-26,0,
379,PRIORITY ACCESS RICHMOND,Care Home 024,2022-10-23,2022-10-29,0,
380,PRIORITY ACCESS VANCOUVER,Care Home 014,2024-03-06,2024-03-12,0,Male
381,PRIORITY ACCESS COAST,Care Home 021,2023-12-30,2024-01-02,0,
382,PRIORITY ACCESS NORTH SHORE,Care Home 002,2024-05-24,2024-05-28,0,
383,PRIORITY ACCESS VANCOUVER,Care Home 014,2023-04-08,2023-04-09,0,
384,PRIORITY ACCESS NORTH SHORE,Care Home 004,2024-06-04,2024-06-06,1,
385,PRIORITY ACCESS VANCOUVER,Care Home 027,2022-07-16,2022-07-23,1,
386,PRIORITY ACCESS RICHMOND,Care Home 012,2023-02-05,2023-02-08,0,
387,PRIORITY ACCESS NORTH SHORE,Care Home 016,2022-09-28,2022-10-03,0,
388,PRIORITY ACCESS RICHMOND,Care Home 024,2023-08-23,2023-08-29,0,
389,PRIORITY ACCESS NORTH SHORE,Care Home 005,2023-05-13,2023-05-14,0,
390,PRIORITY ACCESS NORTH SHORE,Care Home 005,2022-06-14,2022-06-17,0,
391,PRIORITY ACCESS RICHMOND,Care Home 015,2022-07-26,2022-08-01,0,
392,PRIORITY ACCESS VANCOUVER,Care Home 009,2022-12-13,2022-12-16,0,
393,PRIORITY ACCESS VANCOUVER,Care Home 011,2023-04-01,2023-04-04,0,
394,PRIORITY ACCESS NORTH SHORE,Care Home 006,2023-03-01,2023-03-03,0,
395,PRIORITY ACCESS VANCOUVER,Care Home 009,2024-04-16,2024-04-19,1,
396,PRIORITY ACCESS RICHMOND,Care Home 017,2024-06-21,2024-06-22,0,
397,PRIORITY ACCESS NORTH SHORE,Care Home 028,2022-04-26,2022-05-03,0,Male
398,PRIORITY ACCESS VANCOUVER,Care Home 014,2024-11-03,2024-11-09,0,
399,PRIORITY ACCESS NORTH SHORE,Care Home 028,2024-06-18,2024-06-19,0,
400,PRIORITY ACCESS RICHMOND,Care Home 015,2023-09-09,2023-09-13,0,
401,PRIORITY ACCESS VANCOUVER,Care Home 013,2024-02-14,2024-02-20,1,
402,PRIORITY ACCESS NORTH SHORE,Care Home 006,2024-07-23,2024-07-24,0,Male
403,PRIORITY ACCESS RICHMOND,Care Home 026,2022-08-05,2022-08-12,0,
404,PRIORITY ACCESS VANCOUVER,Care Home 023,2023-01-11,2023-01-17,0,Female
405,PRIORITY ACCESS COAST,Care Home 019,2025-02-23,2025-02-27,1,
406,PRIORITY ACCESS VANCOUVER,Care Home 007,2022-10-25,2022-10-31,0,Female
407,PRIORITY ACCESS NORTH SHORE,Care Home 002,2022-06-03,2022-06-09,1,
408,PRIORITY ACCESS VANCOUVER,Care Home 023,2022-10-04,2022-10-06,0,
409,PRIORITY ACCESS NORTH SHORE,Care Home 025,2024-06-28,2024-06-29,0,
410,PRIORITY ACCESS VANCOUVER,Care Home 013,2022-12-07,2022-12-14,0,Male
411,PRIORITY ACCESS VANCOUVER,Care Home 009,2022-04-06,2022-04-10,0,
412,PRIORITY ACCESS RICHMOND,Care Home 024,2024-07-05,2024-07-10,0,
413,PRIORITY ACCESS RICHMOND,Care Home 024,2024-09-12,2024-09-14,0,
414,PRIORITY ACCESS VANCOUVER,Care Home 011,2025-02-22,2025-03-01,0,
415,PRIORITY ACCESS NORTH SHORE,Care Home 002,2024-05-16,2024-05-22,0,
416,PRIORITY ACCESS VANCOUVER,Care Home 011,2024-06-04,2024-06-06,1,
417,PRIORITY ACCESS RICHMOND,Care Home 012,2023-11-23,2023-11-26,0,
418,PRIORITY ACCESS NORTH SHORE,Care Home 016,2024-02-13,2024-02-19,0,Male
419,PRIORITY ACCESS COAST,Care Home 021,2024-02-25,2024-02-28,1,Female
420,PRIORITY ACCESS NORTH SHORE,Care Home 030,2024-05-17,2024-05-18,0,
421,PRIORITY ACCESS VANCOUVER,Care Home 023,2022-08-18,2022-08-20,0,
422,PRIORITY ACCESS NORTH SHORE,Care Home 008,2023-02-03,2023-02-05,0,Female
423,PRIORITY ACCESS RICHMOND,Care Home 024,2024-02-07,2024-02-09,0,
424,PRIORITY ACCESS VANCOUVER,Care Home 009,2022-08-22,2022-08-23,1,
425,PRIORITY ACCESS COAST,Care Home 029,2023-06-04,2023-06-10,1,
426,PRIORITY ACCESS RICHMOND,Care Home 003,2022-09-20,2022-09-26,1,
427,PRIORITY ACCESS COAST,Care Home 020,2023-05-24,2023-05-31,0,
428,PRIORITY ACCESS RICHMOND,Care Home 003,2022-11-29,2022-12-03,0,
429,PRIORITY ACCESS NORTH SHORE,Care Home 002,2022-07-15,2022-07-20,1,
430,PRIORITY ACCESS NORTH SHORE,Care Home 004,2024-07-10,2024-07-12,0,
431,PRIORITY ACCESS COAST,Care Home 029,2022-05-31,2022-06-07,0,
432,PRIORITY ACCESS NORTH SHORE,Care Home 002,2024-08-21,2024-08-23,1,
433,PRIORITY ACCESS VANCOUVER,Care Home 023,2025-02-14,2025-02-16,0,
434,PRIORITY ACCESS NORTH SHORE,Care Home 016,2023-12-12,2023-12-19,0,
435,PRIORITY ACCESS RICHMOND,Care Home 012,2024-07-29,2024-07-31,0,
436,PRIORITY ACCESS NORTH SHORE,Care Home 008,2023-10-10,2023-10-16,0,
437,PRIORITY ACCESS NORTH SHORE,Care Home 006,2022-04-09,2022-04-15,0,Female
438,PRIORITY ACCESS RICHMOND,Care Home 012,2023-04-10,2023-04-13,0,
439,PRIORITY ACCESS COAST,Care Home 020,2022-11-23,2022-11-24,0,
440,PRIORITY ACCESS RICHMOND,Care Home 003,2023-01-28,2023-02-01,0,
441,PRIORITY ACCESS RICHMOND,Care Home 024,2023-08-25,2023-09-01,0,
442,PRIORITY ACCESS VANCOUVER,Care Home 007,2023-03-25,2023-03-27,0,
443,PRIORITY ACCESS COAST,Care Home 019,2025-01-04,2025-01-05,0,
444,PRIORITY ACCESS NORTH SHORE,Care Home 010,2023-11-22,2023-11-27,0,
445,PRIORITY ACCESS RICHMOND,Care Home 015,2024-08-19,2024-08-26,0,
446,PRIORITY ACCESS VANCOUVER,Care Home 013,2025-01-01,2025-01-08,0,
447,PRIORITY ACCESS NORTH SHORE,Care Home 002,2023-10-11,2023-10-18,0,
448,PRIORITY ACCESS VANCOUVER,Care Home 009,2022-11-16,2022-11-20,1,
449,PRIORITY ACCESS NORTH SHORE,Care Home 016,2024-07-26,2024-07-28,0,
450,PRIORITY ACCESS VANCOUVER,Care Home 014,2024-04-26,2024-04-27,0,
451,PRIORITY ACCESS COAST,Care Home 020,2022-07-19,2022-07-23,0,
452,PRIORITY ACCESS NORTH SHORE,Care Home 010,2022-11-01,2022-11-02,0,
453,PRIORITY ACCESS VANCOUVER,Care Home 027,2025-01-29,2025-02-03,0,
454,PRIORITY ACCESS NORTH SHORE,Care Home 006,2024-11-17,2024-11-22,1,
455,PRIORITY ACCESS NORTH SHORE,Care Home 028,2023-02-04,2023-02-06,1,
456,PRIORITY ACCESS RICHMOND,Care Home 012,2022-06-15,2022-06-16,1,
457,PRIORITY ACCESS NORTH SHORE,Care Home 030,2023-10-15,2023-10-21,0,
458,PRIORITY ACCESS NORTH SHORE,Care Home 002,2024-02-01,2024-02-04,0,
459,PRIORITY ACCESS VANCOUVER,Care Home 027,2024-12-25,2024-12-30,0,
460,PRIORITY ACCESS NORTH SHORE,Care Home 006,2023-08-12,2023-08-13,0,
461,PRIORITY ACCESS NORTH SHORE,Care Home 006,2023-06-24,2023-06-26,0,
462,PRIORITY ACCESS COAST,Care Home 021,2023-03-18,2023-03-25,1,
463,PRIORITY ACCESS COAST,Care Home 021,2024-10-25,2024-10-31,1,
464,PRIORITY ACCESS VANCOUVER,Care Home 014,2024-04-03,2024-04-08,0,
465,PRIORITY ACCESS NORTH SHORE,Care Home 028,2022-12-21,2022-12-24,0,
466,PRIORITY ACCESS VANCOUVER,Care Home 014,2024-01-11,2024-01-13,0,
467,PRIORITY ACCESS COAST,Care Home 019,2024-01-18,2024-01-23,1,
468,PRIORITY ACCESS VANCOUVER,Care Home 023,2023-07-20,2023-07-21,1,
469,PRIORITY ACCESS VANCOUVER,Care Home 013,2023-03-19,2023-03-23,1,
470,PRIORITY ACCESS RICHMOND,Care Home 026,2024-08-31,2024-09-04,0,
471,PRIORITY ACCESS RICHMOND,Care Home 017,2023-10-28,2023-11-01,0,
472,PRIORITY ACCESS NORTH SHORE,Care Home 028,2023-09-06,2023-09-13,0,
473,PRIORITY ACCESS NORTH SHORE,Care Home 016,2022-08-06,2022-08-07,0,
474,PRIORITY ACCESS NORTH SHORE,Care Home 016,2024-12-07,2024-12-10,0,
475,PRIORITY ACCESS RICHMOND,Care Home 015,2023-09-29,2023-10-03,1,
476,PRIORITY ACCESS NORTH SHORE,Care Home 005,2022-07-11,2022-07-16,0,
477,PRIORITY ACCESS NORTH SHORE,Care Home 001,2023-10-26,2023-11-01,0,
478,PRIORITY ACCESS NORTH SHORE,Care Home 030,2022-09-12,2022-09-13,0,
479,PRIORITY ACCESS COAST,Care Home 029,2022-10-25,2022-10-28,0,
480,PRIORITY ACCESS VANCOUVER,Care Home 009,2024-06-18,2024-06-20,0,Female
481,PRIORITY ACCESS VANCOUVER,Care Home 007,2022-09-14,2022-09-20,0,
482,PRIORITY ACCESS NORTH SHORE,Care Home 025,2022-11-25,2022-12-01,0,
483,PRIORITY ACCESS VANCOUVER,Care Home 009,2024-02-10,2024-02-15,0,Male
484,PRIORITY ACCESS NORTH SHORE,Care Home 004,2023-10-14,2023-10-17,0,
485,PRIORITY ACCESS COAST,Care Home 020,2023-03-10,2023-03-12,0,
486,PRIORITY ACCESS VANCOUVER,Care Home 007,2023-02-17,2023-02-24,0,Male
487,PRIORITY ACCESS VANCOUVER,Care Home 014,2024-12-05,2024-12-12,0,
488,PRIORITY ACCESS NORTH SHORE,Care Home 002,2023-03-08,2023-03-13,0,
489,PRIORITY ACCESS RICHMOND,Care Home 017,2023-12-05,2023-12-10,0,
490,PRIORITY ACCESS NORTH SHORE,Care Home 025,2023-03-22,2023-03-25,1,
491,PRIORITY ACCESS NORTH SHORE,Care Home 010,2023-10-20,2023-10-26,1,
492,PRIORITY ACCESS NORTH SHORE,Care Home 004,2024-06-17,2024-06-24,0,
493,PRIORITY ACCESS RICHMOND,Care Home 017,2022-07-29,2022-07-31,0,
494,PRIORITY ACCESS COAST,Care Home 021,2022-06-09,2022-06-10,1,
495,PRIORITY ACCESS NORTH SHORE,Care Home 002,2022-04-24,2022-04-30,0,
496,PRIORITY ACCESS VANCOUVER,Care Home 007,2023-07-18,2023-07-23,0,
497,PRIORITY ACCESS VANCOUVER,Care Home 014,2024-01-28,2024-02-04,1,
498,PRIORITY ACCESS VANCOUVER,Care Home 018,2024-11-18,2024-11-21,1,
499,PRIORITY ACCESS RICHMOND,Care Home 017,2024-08-08,2024-08-13,0,
500,PRIORITY ACCESS COAST,Care Home 029,2025-01-10,2025-01-17,0,
501,PRIORITY ACCESS RICHMOND,Care Home 015,2024-06-30,2024-07-03,1,
502,PRIORITY ACCESS NORTH SHORE,Care Home 004,2023-04-11,2023-04-15,0,
503,PRIORITY ACCESS RICHMOND,Care Home 022,2023-11-01,2023-11-06,0,
504,PRIORITY ACCESS NORTH SHORE,Care Home 016,2024-08-11,2024-08-13,0,
505,PRIORITY ACCESS RICHMOND,Care Home 022,2024-01-22,2024-01-27,1,
506,PRIORITY ACCESS RICHMOND,Care Home 026,2022-11-25,2022-11-30,1,
507,PRIORITY ACCESS VANCOUVER,Care Home 014,2022-08-27,2022-09-02,1,Female
508,PRIORITY ACCESS COAST,Care Home 019,2024-12-15,2024-12-19,0,Female
509,PRIORITY ACCESS NORTH SHORE,Care Home 001,2023-09-25,2023-09-26,0,
510,PRIORITY ACCESS NORTH SHORE,Care Home 006,2024-11-20,2024-11-22,1,
511,PRIORITY ACCESS NORTH SHORE,Care Home 030,2022-06-11,2022-06-17,0,
512,PRIORITY ACCESS RICHMOND,Care Home 015,2023-06-19,2023-06-24,0,
513,PRIORITY ACCESS VANCOUVER,Care Home 018,2024-04-24,2024-04-25,0,
514,PRIORITY ACCESS NORTH SHORE,Care Home 016,2023-08-17,2023-08-23,0,
515,PRIORITY ACCESS NORTH SHORE,Care Home 016,2022-08-17,2022-08-23,1,
516,PRIORITY ACCESS RICHMOND,Care Home 012,2022-11-20,2022-11-26,0,Female
517,PRIORITY ACCESS VANCOUVER,Care Home 014,2022-07-14,2022-07-16,0,
518,PRIORITY ACCESS NORTH SHORE,Care Home 006,2024-09-24,2024-09-30,0,
519,PRIORITY ACCESS NORTH SHORE,Care Home 008,2022-08-11,2022-08-13,0,
520,PRIORITY ACCESS RICHMOND,Care Home 017,2022-09-08,2022-09-12,0,
521,PRIORITY ACCESS RICHMOND,Care Home 003,2023-02-25,2023-02-26,0,
522,PRIORITY ACCESS NORTH SHORE,Care Home 005,2023-01-29,2023-02-02,0,
523,PRIORITY ACCESS VANCOUVER,Care Home 011,2023-03-05,2023-03-11,0,
524,PRIORITY ACCESS NORTH SHORE,Care Home 008,2024-02-23,2024-02-25,0,
525,PRIORITY ACCESS NORTH SHORE,Care Home 004,2023-01-27,2023-01-28,0,
526,PRIORITY ACCESS NORTH SHORE,Care Home 004,2022-05-21,2022-05-25,0,
527,PRIORITY ACCESS VANCOUVER,Care Home 009,2024-04-04,2024-04-07,0,
528,PRIORITY ACCESS VANCOUVER,Care Home 013,2022-05-05,2022-05-10,0,
529,PRIORITY ACCESS COAST,Care Home 019,2024-06-18,2024-06-19,1,
530,PRIORITY ACCESS VANCOUVER,Care Home 011,2023-07-31,2023-08-03,0,
531,PRIORITY ACCESS RICHMOND,Care Home 012,2024-09-18,2024-09-22,1,
532,PRIORITY ACCESS COAST,Care Home 019,2023-10-01,2023-10-07,1,
533,PRIORITY ACCESS VANCOUVER,Care Home 011,2022-07-13,2022-07-19,1,Female
534,PRIORITY ACCESS NORTH SHORE,Care Home 030,2024-01-01,2024-01-03,0,
535,PRIORITY ACCESS VANCOUVER,Care Home 023,2023-09-17,2023-09-22,0,Female
536,PRIORITY ACCESS VANCOUVER,Care Home 023,2022-05-16,2022-05-19,1,
537,PRIORITY ACCESS VANCOUVER,Care Home 014,2024-07-24,2024-07-27,1,Male
538,PRIORITY ACCESS RICHMOND,Care Home 003,2023-07-26,2023-07-27,0,
539,PRIORITY ACCESS RICHMOND,Care Home 026,2022-09-09,2022-09-16,1,
540,PRIORITY ACCESS VANCOUVER,Care Home 007,2022-05-26,2022-06-01,0,
541,PRIORITY ACCESS COAST,Care Home 029,2022-05-19,2022-05-20,0,
542,PRIORITY ACCESS RICHMOND,Care Home 022,2023-09-18,2023-09-25,0,
543,PRIORITY ACCESS NORTH SHORE,Care Home 030,2024-05-13,2024-05-20,0,
544,PRIORITY ACCESS VANCOUVER,Care Home 013,2024-09-28,2024-10-05,0,
545,PRIORITY ACCESS RICHMOND,Care Home 012,2022-11-28,2022-11-30,1,
546,PRIORITY ACCESS VANCOUVER,Care Home 013,2023-05-23,2023-05-27,1,
547,PRIORITY ACCESS VANCOUVER,Care Home 007,2023-09-22,2023-09-27,0,
548,PRIORITY ACCESS VANCOUVER,Care Home 013,2023-04-07,2023-04-10,0,
549,PRIORITY ACCESS RICHMOND,Care Home 022,2022-07-17,2022-07-23,1,
550,PRIORITY ACCESS NORTH SHORE,Care Home 002,2024-11-14,2024-11-18,0,
551,PRIORITY ACCESS VANCOUVER,Care Home 011,2023-11-11,2023-11-12,0,
552,PRIORITY ACCESS VANCOUVER,Care Home 011,2022-08-18,2022-08-21,0,Female
553,PRIORITY ACCESS NORTH SHORE,Care Home 025,2022-09-08,2022-09-13,0,
554,PRIORITY ACCESS RICHMOND,Care Home 015,2023-03-30,2023-04-03,0,
555,PRIORITY ACCESS NORTH SHORE,Care Home 005,2024-07-11,2024-07-13,1,
556,PRIORITY ACCESS RICHMOND,Care Home 003,2024-12-13,2024-12-18,1,
557,PRIORITY ACCESS NORTH SHORE,Care Home 008,2024-06-17,2024-06-19,1,
558,PRIORITY ACCESS VANCOUVER,Care Home 011,2023-01-23,2023-01-25,0,
559,PRIORITY ACCESS NORTH SHORE,Care Home 006,2025-02-07,2025-02-10,1,
560,PRIORITY ACCESS COAST,Care Home 019,2022-04-27,2022-04-29,0,
561,PRIORITY ACCESS VANCOUVER,Care Home 007,2023-04-10,2023-04-17,0,
562,PRIORITY ACCESS NORTH SHORE,Care Home 028,2023-03-02,2023-03-03,0,
563,PRIORITY ACCESS RICHMOND,Care Home 024,2023-08-24,2023-08-31,0,
564,PRIORITY ACCESS RICHMOND,Care Home 022,2024-08-06,2024-08-12,1,Female
565,PRIORITY ACCESS NORTH SHORE,Care Home 010,2024-12-13,2024-12-20,1,
566,PRIORITY ACCESS VANCOUVER,Care Home 009,2024-02-28,2024-02-29,0,
567,PRIORITY ACCESS NORTH SHORE,Care Home 002,2024-08-03,2024-08-08,1,
568,PRIORITY ACCESS VANCOUVER,Care Home 023,2023-01-19,2023-01-26,0,
569,PRIORITY ACCESS VANCOUVER,Care Home 013,2023-08-06,2023-08-08,0,
570,PRIORITY ACCESS NORTH SHORE,Care Home 002,2024-10-23,2024-10-25,0,
571,PRIORITY ACCESS VANCOUVER,Care Home 009,2024-06-15,2024-06-18,0,
572,PRIORITY ACCESS RICHMOND,Care Home 015,2022-12-31,2023-01-03,0,
573,PRIORITY ACCESS NORTH SHORE,Care Home 016,2024-01-08,2024-01-12,0,
574,PRIORITY ACCESS COAST,Care Home 029,2022-12-30,2023-01-04,0,
575,PRIORITY ACCESS NORTH SHORE,Care Home 030,2023-12-07,2023-12-13,0,
576,PRIORITY ACCESS RICHMOND,Care Home 017,2022-09-29,2022-10-01,0,
577,PRIORITY ACCESS NORTH SHORE,Care Home 025,2022-09-24,2022-10-01,0,
578,PRIORITY ACCESS RICHMOND,Care Home 012,2024-05-07,2024-05-09,0,
579,PRIORITY ACCESS NORTH SHORE,Care Home 002,2022-04-14,2022-04-15,0,
580,PRIORITY ACCESS RICHMOND,Care Home 003,2024-03-07,2024-03-10,0,Female
581,PRIORITY ACCESS NORTH SHORE,Care Home 004,2023-01-01,2023-01-03,0,
582,PRIORITY ACCESS VANCOUVER,Care Home 011,2024-05-04,2024-05-08,1,
583,PRIORITY ACCESS VANCOUVER,Care Home 014,2024-05-08,2024-05-15,0,
584,PRIORITY ACCESS NORTH SHORE,Care Home 008,2023-08-27,2023-09-02,1,
585,PRIORITY ACCESS NORTH SHORE,Care Home 028,2023-12-14,2023-12-21,0,Female
586,PRIORITY ACCESS NORTH SHORE,Care Home 010,2023-04-14,2023-04-19,1,
587,PRIORITY ACCESS VANCOUVER,Care Home 014,2023-11-08,2023-11-15,0,
588,PRIORITY ACCESS COAST,Care Home 019,2022-06-11,2022-06-16,0,
589,PRIORITY ACCESS NORTH SHORE,Care Home 002,2023-12-18,2023-12-23,0,
590,PRIORITY ACCESS VANCOUVER,Care Home 027,2024-06-06,2024-06-09,0,
591,PRIORITY ACCESS VANCOUVER,Care Home 027,2024-12-25,2024-12-28,0,
592,PRIORITY ACCESS RICHMOND,Care Home 026,2022-06-04,2022-06-08,0,
593,PRIORITY ACCESS RICHMOND,Care Home 012,2022-10-18,2022-10-20,0,
594,PRIORITY ACCESS NORTH SHORE,Care Home 010,2023-05-19,2023-05-21,0,
595,PRIORITY ACCESS VANCOUVER,Care Home 011,2022-04-18,2022-04-21,0,
596,PRIORITY ACCESS VANCOUVER,Care Home 009,2023-10-08,2023-10-09,1,
597,PRIORITY ACCESS NORTH SHORE,Care Home 028,2024-04-27,2024-05-01,0,
598,PRIORITY ACCESS NORTH SHORE,Care Home 025,2023-08-02,2023-08-03,1,
599,PRIORITY ACCESS RICHMOND,Care Home 003,2024-04-20,2024-04-26,0,
600,PRIORITY ACCESS RICHMOND,Care Home 026,2024-10-12,2024-10-17,0,
601,PRIORITY ACCESS COAST,Care Home 019,2023-12-21,2023-12-27,1,
602,PRIORITY ACCESS RICHMOND,Care Home 003,2023-11-14,2023-11-19,0,
603,PRIORITY ACCESS VANCOUVER,Care Home 007,2023-09-03,2023-09-06,0,
604,PRIORITY ACCESS RICHMOND,Care Home 022,2024-04-19,2024-04-22,0,
605,PRIORITY ACCESS VANCOUVER,Care Home 007,2024-04-27,2024-05-03,0,
606,PRIORITY ACCESS NORTH SHORE,Care Home 006,2025-01-30,2025-02-01,0,
607,PRIORITY ACCESS RICHMOND,Care Home 022,2024-01-06,2024-01-09,0,
608,PRIORITY ACCESS COAST,Care Home 019,2022-05-16,2022-05-23,0,
609,PRIORITY ACCESS NORTH SHORE,Care Home 001,2023-02-28,2023-03-06,0,
610,PRIORITY ACCESS VANCOUVER,Care Home 027,2023-07-09,2023-07-10,0,
611,PRIORITY ACCESS NORTH SHORE,Care Home 010,2023-02-06,2023-02-11,0,
612,PRIORITY ACCESS NORTH SHORE,Care Home 025,2022-06-23,2022-06-26,0,
613,PRIORITY ACCESS RICHMOND,Care Home 012,2022-09-05,2022-09-08,0,
614,PRIORITY ACCESS NORTH SHORE,Care Home 025,2023-09-11,2023-09-16,1,
615,PRIORITY ACCESS NORTH SHORE,Care Home 028,2022-04-29,2022-05-02,0,
616,PRIORITY ACCESS RICHMOND,Care Home 012,2025-02-14,2025-02-17,0,
617,PRIORITY ACCESS VANCOUVER,Care Home 007,2023-06-22,2023-06-26,0,
618,PRIORITY ACCESS NORTH SHORE,Care Home 010,2024-08-28,2024-08-31,0,
619,PRIORITY ACCESS NORTH SHORE,Care Home 005,2022-11-11,2022-11-18,0,
620,PRIORITY ACCESS COAST,Care Home 020,2022-06-13,2022-06-16,0,
621,PRIORITY ACCESS NORTH SHORE,Care Home 006,2025-01-05,2025-01-08,1,
622,PRIORITY ACCESS NORTH SHORE,Care Home 030,2024-10-05,2024-10-10,1,
623,PRIORITY ACCESS RICHMOND,Care Home 026,2024-11-02,2024-11-03,1,
624,PRIORITY ACCESS RICHMOND,Care Home 015,2023-11-05,2023-11-11,0,
625,PRIORITY ACCESS VANCOUVER,Care Home 013,2022-04-30,2022-05-04,1,Male
626,PRIORITY ACCESS VANCOUVER,Care Home 018,2024-09-01,2024-09-08,0,
627,PRIORITY ACCESS NORTH SHORE,Care Home 002,2022-07-29,2022-08-03,0,
628,PRIORITY ACCESS NORTH SHORE,Care Home 025,2023-06-20,2023-06-21,0,
629,PRIORITY ACCESS VANCOUVER,Care Home 011,2023-06-30,2023-07-03,0,
630,PRIORITY ACCESS RICHMOND,Care Home 026,2023-04-24,2023-04-25,0,
631,PRIORITY ACCESS NORTH SHORE,Care Home 005,2023-12-03,2023-12-04,0,
632,PRIORITY ACCESS RICHMOND,Care Home 003,2022-12-09,2022-12-13,1,
633,PRIORITY ACCESS NORTH SHORE,Care Home 005,2023-02-09,2023-02-15,1,Male
634,PRIORITY ACCESS VANCOUVER,Care Home 011,2024-06-05,2024-06-06,0,
635,PRIORITY ACCESS RICHMOND,Care Home 003,2024-09-16,2024-09-19,0,
636,PRIORITY ACCESS NORTH SHORE,Care Home 006,2025-02-19,2025-02-26,1,
637,PRIORITY ACCESS NORTH SHORE,Care Home 008,2023-05-22,2023-05-26,0,
638,PRIORITY ACCESS COAST,Care Home 021,2024-06-11,2024-06-15,1,
639,PRIORITY ACCESS VANCOUVER,Care Home 027,2023-10-13,2023-10-17,0,
640,PRIORITY ACCESS RICHMOND,Care Home 017,2024-12-18,2024-12-22,0,Male
641,PRIORITY ACCESS COAST,Care Home 021,2022-10-27,2022-10-31,1,
642,PRIORITY ACCESS RICHMOND,Care Home 012,2022-12-09,2022-12-16,0,
643,PRIORITY ACCESS NORTH SHORE,Care Home 016,2024-06-21,2024-06-22,0,
644,PRIORITY ACCESS RICHMOND,Care Home 026,2022-07-13,2022-07-15,1,
645,PRIORITY ACCESS NORTH SHORE,Care Home 028,2022-05-30,2022-06-04,0,
646,PRIORITY ACCESS NORTH SHORE,Care Home 002,2024-08-30,2024-09-06,0,
647,PRIORITY ACCESS RICHMOND,Care Home 022,2024-12-07,2024-12-12,0,Male
648,PRIORITY ACCESS NORTH SHORE,Care Home 006,2024-03-08,2024-03-11,0,
649,PRIORITY ACCESS VANCOUVER,Care Home 014,2023-09-13,2023-09-15,0,
650,PRIORITY ACCESS VANCOUVER,Care Home 011,2023-08-26,2023-09-01,0,
651,PRIORITY ACCESS VANCOUVER,Care Home 018,2024-09-22,2024-09-27,0,
652,PRIORITY ACCESS COAST,Care Home 019,2024-05-07,2024-05-09,0,
653,PRIORITY ACCESS COAST,Care Home 020,2025-01-03,2025-01-07,1,
654,PRIORITY ACCESS NORTH SHORE,Care Home 004,2023-01-16,2023-01-22,0,
655,PRIORITY ACCESS NORTH SHORE,Care Home 016,2023-03-19,2023-03-20,1,
656,PRIORITY ACCESS NORTH SHORE,Care Home 001,2024-05-21,2024-05-28,0,
657,PRIORITY ACCESS NORTH SHORE,Care Home 025,2023-02-10,2023-02-13,0,
658,PRIORITY ACCESS NORTH SHORE,Care Home 002,2024-05-10,2024-05-13,1,
659,PRIORITY ACCESS NORTH SHORE,Care Home 016,2024-07-12,2024-07-14,0,
660,PRIORITY ACCESS NORTH SHORE,Care Home 028,2024-12-31,2025-01-03,1,
661,PRIORITY ACCESS NORTH SHORE,Care Home 016,2022-11-27,2022-11-30,0,
662,PRIORITY ACCESS RICHMOND,Care Home 026,2024-07-01,2024-07-07,0,
663,PRIORITY ACCESS NORTH SHORE,Care Home 025,2024-11-15,2024-11-22,1,
664,PRIORITY ACCESS COAST,Care Home 029,2024-12-09,2024-12-16,0,
665,PRIORITY ACCESS VANCOUVER,Care Home 027,2024-02-14,2024-02-16,0,
666,PRIORITY ACCESS NORTH SHORE,Care Home 006,2022-05-07,2022-05-12,0,Male
667,PRIORITY ACCESS COAST,Care Home 021,2024-05-02,2024-05-04,0,
668,PRIORITY ACCESS COAST,Care Home 020,2024-12-23,2024-12-24,0,
669,PRIORITY ACCESS NORTH SHORE,Care Home 016,2024-03-27,2024-03-30,1,
670,PRIORITY ACCESS RICHMOND,Care Home 022,2022-12-04,2022-12-07,1,
671,PRIORITY ACCESS RICHMOND,Care Home 026,2024-11-30,2024-12-04,1,
672,PRIORITY ACCESS RICHMOND,Care Home 012,2023-11-21,2023-11-27,0,
673,PRIORITY ACCESS RICHMOND,Care Home 012,2023-07-07,2023-07-09,0,Female
674,PRIORITY ACCESS COAST,Care Home 029,2024-08-30,2024-09-01,0,
675,PRIORITY ACCESS COAST,Care Home 019,2023-09-30,2023-10-05,0,
676,PRIORITY ACCESS NORTH SHORE,Care Home 028,2023-12-15,2023-12-17,1,
677,PRIORITY ACCESS RICHMOND,Care Home 024,2024-08-07,2024-08-11,0,
678,PRIORITY ACCESS NORTH SHORE,Care Home 016,2023-03-28,2023-04-03,0,
679,PRIORITY ACCESS NORTH SHORE,Care Home 008,2022-05-20,2022-05-27,0,
680,PRIORITY ACCESS COAST,Care Home 029,2023-02-08,2023-02-12,0,
681,PRIORITY ACCESS RICHMOND,Care Home 017,2024-06-16,2024-06-23,0,
682,PRIORITY ACCESS NORTH SHORE,Care Home 030,2022-04-27,2022-04-29,1,
683,PRIORITY ACCESS NORTH SHORE,Care Home 008,2024-08-16,2024-08-21,0,
684,PRIORITY ACCESS NORTH SHORE,Care Home 008,2023-10-03,2023-10-08,1,
685,PRIORITY ACCESS COAST,Care Home 019,2024-05-13,2024-05-14,0,
686,PRIORITY ACCESS RICHMOND,Care Home 012,2022-04-17,2022-04-22,0,
687,PRIORITY ACCESS RICHMOND,Care Home 017,2023-04-30,2023-05-04,0,
688,PRIORITY ACCESS NORTH SHORE,Care Home 025,2024-10-01,2024-10-08,1,Female
689,PRIORITY ACCESS NORTH SHORE,Care Home 004,2023-01-31,2023-02-06,1,
690,PRIORITY ACCESS VANCOUVER,Care Home 011,2022-04-05,2022-04-10,1,
691,PRIORITY ACCESS VANCOUVER,Care Home 014,2022-10-31,2022-11-04,0,
692,PRIORITY ACCESS COAST,Care Home 020,2024-11-07,2024-11-13,0,
693,PRIORITY ACCESS COAST,Care Home 020,2024-05-20,2024-05-27,0,
694,PRIORITY ACCESS COAST,Care Home 029,2024-12-29,2025-01-02,0,
695,PRIORITY ACCESS COAST,Care Home 029,2023-10-09,2023-10-13,1,
696,PRIORITY ACCESS NORTH SHORE,Care Home 004,2022-09-01,2022-09-05,0,
697,PRIORITY ACCESS COAST,Care Home 019,2022-05-26,2022-05-29,0,
698,PRIORITY ACCESS NORTH SHORE,Care Home 016,2023-09-07,2023-09-10,0,
699,PRIORITY ACCESS RICHMOND,Care Home 024,2023-02-14,2023-02-16,0,
700,PRIORITY ACCESS NORTH SHORE,Care Home 028,2024-11-16,2024-11-19,1,Male
701,PRIORITY ACCESS VANCOUVER,Care Home 027,2023-12-14,2023-12-21,0,
702,PRIORITY ACCESS RICHMOND,Care Home 022,2023-11-18,2023-11-21,1,
703,PRIORITY ACCESS VANCOUVER,Care Home 011,2025-02-21,2025-02-22,0,
704,PRIORITY ACCESS RICHMOND,Care Home 017,2024-02-01,2024-02-06,0,
705,PRIORITY ACCESS NORTH SHORE,Care Home 016,2024-01-16,2024-01-18,1,
706,PRIORITY ACCESS RICHMOND,Care Home 022,2024-05-03,2024-05-09,0,
707,PRIORITY ACCESS VANCOUVER,Care Home 023,2023-01-08,2023-01-11,0,
708,PRIORITY ACCESS NORTH SHORE,Care Home 028,2024-07-29,2024-07-30,0,
709,PRIORITY ACCESS COAST,Care Home 020,2022-10-06,2022-10-09,0,
710,PRIORITY ACCESS RICHMOND,Care Home 003,2023-07-27,2023-08-03,0,
711,PRIORITY ACCESS NORTH SHORE,Care Home 028,2023-10-25,2023-10-26,0,
712,PRIORITY ACCESS COAST,Care Home 021,2023-05-28,2023-06-04,0,
713,PRIORITY ACCESS RICHMOND,Care Home 012,2023-11-21,2023-11-27,1,
714,PRIORITY ACCESS VANCOUVER,Care Home 023,2023-12-04,2023-12-07,0,
715,PRIORITY ACCESS RICHMOND,Care Home 015,2023-01-29,2023-02-01,0,
716,PRIORITY ACCESS VANCOUVER,Care Home 007,2023-09-16,2023-09-17,0,
717,PRIORITY ACCESS RICHMOND,Care Home 015,2022-06-10,2022-06-13,0,
718,PRIORITY ACCESS VANCOUVER,Care Home 009,2022-09-11,2022-09-12,0,
719,PRIORITY ACCESS VANCOUVER,Care Home 018,2023-04-19,2023-04-21,0,
720,PRIORITY ACCESS RICHMOND,Care Home 015,2023-09-27,2023-09-29,0,
721,PRIORITY ACCESS COAST,Care Home 029,2022-12-07,2022-12-14,1,
722,PRIORITY ACCESS NORTH SHORE,Care Home 025,2024-08-20,2024-08-24,0,
723,PRIORITY ACCESS NORTH SHORE,Care Home 001,2024-09-23,2024-09-28,0,
724,PRIORITY ACCESS RICHMOND,Care Home 022,2024-08-13,2024-08-17,0,
725,PRIORITY ACCESS RICHMOND,Care Home 022,2023-02-26,2023-02-28,0,
726,PRIORITY ACCESS NORTH SHORE,Care Home 025,2025-01-30,2025-01-31,1,
727,PRIORITY ACCESS NORTH SHORE,Care Home 008,2022-05-02,2022-05-09,0,
728,PRIORITY ACCESS NORTH SHORE,Care Home 016,2025-02-19,2025-02-22,0,
729,PRIORITY ACCESS NORTH SHORE,Care Home 001,2024-12-08,2024-12-14,0,
730,PRIORITY ACCESS VANCOUVER,Care Home 013,2022-09-26,2022-09-28,1,
731,PRIORITY ACCESS VANCOUVER,Care Home 023,2022-09-18,2022-09-21,1,
732,PRIORITY ACCESS RICHMOND,Care Home 022,2023-02-13,2023-02-15,0,
733,PRIORITY ACCESS RICHMOND,Care Home 017,2023-12-23,2023-12-27,0,
734,PRIORITY ACCESS NORTH SHORE,Care Home 008,2024-04-22,2024-04-23,0,
735,PRIORITY ACCESS VANCOUVER,Care Home 018,2023-10-21,2023-10-23,0,
736,PRIORITY ACCESS RICHMOND,Care Home 015,2024-07-12,2024-07-14,0,
737,PRIORITY ACCESS VANCOUVER,Care Home 007,2025-02-18,2025-02-19,0,
738,PRIORITY ACCESS NORTH SHORE,Care Home 016,2024-09-08,2024-09-09,0,
739,PRIORITY ACCESS RICHMOND,Care Home 003,2024-11-21,2024-11-28,0,
740,PRIORITY ACCESS VANCOUVER,Care Home 018,2023-10-12,2023-10-16,1,Female
741,PRIORITY ACCESS COAST,Care Home 020,2023-12-17,2023-12-20,0,
742,PRIORITY ACCESS NORTH SHORE,Care Home 016,2023-07-19,2023-07-20,0,
743,PRIORITY ACCESS COAST,Care Home 021,2023-01-28,2023-01-30,0,
744,PRIORITY ACCESS NORTH SHORE,Care Home 005,2022-05-23,2022-05-25,0,
745,PRIORITY ACCESS VANCOUVER,Care Home 023,2023-11-12,2023-11-16,1,
746,PRIORITY ACCESS RICHMOND,Care Home 015,2022-08-03,2022-08-09,0,
747,PRIORITY ACCESS NORTH SHORE,Care Home 004,2023-03-01,2023-03-03,0,
748,PRIORITY ACCESS RICHMOND,Care Home 022,2023-10-27,2023-11-01,0,
749,PRIORITY ACCESS COAST,Care Home 029,2024-04-25,2024-04-26,0,
750,PRIORITY ACCESS NORTH SHORE,Care Home 025,2024-09-18,2024-09-19,0,
751,PRIORITY ACCESS VANCOUVER,Care Home 018,2023-10-21,2023-10-26,0,
752,PRIORITY ACCESS NORTH SHORE,Care Home 001,2023-09-07,2023-09-12,1,
753,PRIORITY ACCESS NORTH SHORE,Care Home 002,2023-01-21,2023-01-23,0,
754,PRIORITY ACCESS RICHMOND,Care Home 024,2022-10-13,2022-10-20,0,
755,PRIORITY ACCESS NORTH SHORE,Care Home 005,2022-11-08,2022-11-13,1,
756,PRIORITY ACCESS RICHMOND,Care Home 015,2023-11-16,2023-11-20,0,
757,PRIORITY ACCESS VANCOUVER,Care Home 009,2022-07-25,2022-08-01,0,
758,PRIORITY ACCESS COAST,Care Home 019,2022-05-28,2022-06-04,0,Male
759,PRIORITY ACCESS COAST,Care Home 029,2022-05-31,2022-06-04,0,
760,PRIORITY ACCESS NORTH SHORE,Care Home 016,2024-05-24,2024-05-25,0,
761,PRIORITY ACCESS VANCOUVER,Care Home 007,2022-11-02,2022-11-08,0,
762,PRIORITY ACCESS COAST,Care Home 029,2024-02-22,2024-02-26,1,
763,PRIORITY ACCESS VANCOUVER,Care Home 009,2022-10-20,2022-10-26,0,
764,PRIORITY ACCESS VANCOUVER,Care Home 023,2022-12-18,2022-12-24,1,
765,PRIORITY ACCESS VANCOUVER,Care Home 007,2023-12-17,2023-12-18,0,
766,PRIORITY ACCESS COAST,Care Home 019,2023-05-10,2023-05-12,0,
767,PRIORITY ACCESS VANCOUVER,Care Home 013,2023-10-24,2023-10-30,0,Female
768,PRIORITY ACCESS COAST,Care Home 029,2023-07-04,2023-07-06,0,
769,PRIORITY ACCESS VANCOUVER,Care Home 023,2024-03-29,2024-04-02,1,
770,PRIORITY ACCESS VANCOUVER,Care Home 013,2023-06-16,2023-06-22,0,
771,PRIORITY ACCESS NORTH SHORE,Care Home 004,2023-02-14,2023-02-21,0,
772,PRIORITY ACCESS VANCOUVER,Care Home 027,2023-08-01,2023-08-02,1,
773,PRIORITY ACCESS NORTH SHORE,Care Home 001,2024-10-25,2024-10-27,0,
774,PRIORITY ACCESS NORTH SHORE,Care Home 010,2023-10-16,2023-10-20,1,
775,PRIORITY ACCESS NORTH SHORE,Care Home 001,2023-03-02,2023-03-06,0,
776,PRIORITY ACCESS NORTH SHORE,Care Home 010,2022-11-23,2022-11-26,1,Female
777,PRIORITY ACCESS NORTH SHORE,Care Home 001,2024-04-23,2024-04-24,0,
778,PRIORITY ACCESS VANCOUVER,Care Home 018,2024-01-18,2024-01-23,1,Male
779,PRIORITY ACCESS COAST,Care Home 019,2023-05-23,2023-05-30,0,
780,PRIORITY ACCESS RICHMOND,Care Home 017,2023-06-22,2023-06-23,1,Female
781,PRIORITY ACCESS RICHMOND,Care Home 012,2023-06-30,2023-07-07,0,
782,PRIORITY ACCESS VANCOUVER,Care Home 009,2025-01-25,2025-01-30,0,Female
783,PRIORITY ACCESS NORTH SHORE,Care Home 002,2024-01-13,2024-01-18,0,
784,PRIORITY ACCESS NORTH SHORE,Care Home 005,2024-03-18,2024-03-19,1,
785,PRIORITY ACCESS VANCOUVER,Care Home 014,2022-12-28,2023-01-03,0,
786,PRIORITY ACCESS RICHMOND,Care Home 024,2025-02-28,2025-03-04,0,
787,PRIORITY ACCESS NORTH SHORE,Care Home 001,2024-01-04,2024-01-05,0,
788,PRIORITY ACCESS VANCOUVER,Care Home 013,2023-12-18,2023-12-22,0,
789,PRIORITY ACCESS VANCOUVER,Care Home 011,2023-12-06,2023-12-08,0,
790,PRIORITY ACCESS NORTH SHORE,Care Home 028,2024-03-11,2024-03-17,1,
791,PRIORITY ACCESS RICHMOND,Care Home 015,2024-11-29,2024-12-01,0,
792,PRIORITY ACCESS RICHMOND,Care Home 026,2022-11-23,2022-11-24,0,
793,PRIORITY ACCESS NORTH SHORE,Care Home 025,2024-06-01,2024-06-04,0,
794,PRIORITY ACCESS NORTH SHORE,Care Home 001,2025-01-14,2025-01-19,0,
795,PRIORITY ACCESS VANCOUVER,Care Home 027,2022-10-18,2022-10-20,0,Female
796,PRIORITY ACCESS NORTH SHORE,Care Home 006,2023-03-25,2023-03-30,1,
797,PRIORITY ACCESS NORTH SHORE,Care Home 005,2024-03-26,2024-04-02,0,
798,PRIORITY ACCESS NORTH SHORE,Care Home 028,2022-07-17,2022-07-23,0,
799,PRIORITY ACCESS VANCOUVER,Care Home 018,2023-03-27,2023-03-30,0,
800,PRIORITY ACCESS NORTH SHORE,Care Home 030,2022-10-13,2022-10-15,1,
